{
  "project_info": {
    "project_number": "940705567704",
    "firebase_url": "https://bustracker-accf0.firebaseio.com",
    "project_id": "bustracker-accf0",
    "storage_bucket": "bustracker-accf0.appspot.com"
  },
  "client": [
    {
      "client_info": {
        "mobilesdk_app_id": "1:940705567704:android:5d14a0d701c73c1c",
        "android_client_info": {
          "package_name": "lk.kdu.bustrack"
        }
      },
      "oauth_client": [
        {
          "client_id": "940705567704-15tu1m7g8hg9csh7d85jdjb04pj54vvq.apps.googleusercontent.com",
          "client_type": 1,
          "android_info": {
            "package_name": "lk.kdu.bustrack",
            "certificate_hash": "1bf5df42be3a03c8ee64d89ac6005a8e573d61a9"
          }
        },
        {
          "client_id": "940705567704-1udtnpb6mj6emmnb5ol77hgfhrils4gm.apps.googleusercontent.com",
          "client_type": 3
        }
      ],
      "api_key": [
        {
          "current_key": "AIzaSyChurU_ydZuhrGr7p32wlq3iFVUZrp1gj0"
        }
      ],
      "services": {
        "analytics_service": {
          "status": 1
        },
        "appinvite_service": {
          "status": 2,
          "other_platform_oauth_client": [
            {
              "client_id": "940705567704-1udtnpb6mj6emmnb5ol77hgfhrils4gm.apps.googleusercontent.com",
              "client_type": 3
            }
          ]
        },
        "ads_service": {
          "status": 2
        }
      }
    },
    {
      "client_info": {
        "mobilesdk_app_id": "1:940705567704:android:31949b990b9ee141",
        "android_client_info": {
          "package_name": "lk.kdu.bustracker"
        }
      },
      "oauth_client": [
        {
          "client_id": "940705567704-neqi3qq131d1v5kcr8scr448a2oj4856.apps.googleusercontent.com",
          "client_type": 1,
          "android_info": {
            "package_name": "lk.kdu.bustracker",
            "certificate_hash": "1bf5df42be3a03c8ee64d89ac6005a8e573d61a9"
          }
        },
        {
          "client_id": "940705567704-1udtnpb6mj6emmnb5ol77hgfhrils4gm.apps.googleusercontent.com",
          "client_type": 3
        }
      ],
      "api_key": [
        {
          "current_key": "AIzaSyChurU_ydZuhrGr7p32wlq3iFVUZrp1gj0"
        }
      ],
      "services": {
        "analytics_service": {
          "status": 1
        },
        "appinvite_service": {
          "status": 2,
          "other_platform_oauth_client": [
            {
              "client_id": "940705567704-1udtnpb6mj6emmnb5ol77hgfhrils4gm.apps.googleusercontent.com",
              "client_type": 3
            }
          ]
        },
        "ads_service": {
          "status": 2
        }
      }
    }
  ],
  "configuration_version": "1"
}